"Table 6: HIV Prevalence Rate by District","","",""
"","","","Total"
"District","Male","Female","population"
"Gaborone","13.4","19.8","17.0"
"Francistown","20.7","27.5","24.3"
"Lobatse","13.4","20.0","17.2"
"Selebi-Phikwe","25.4","29.3","27.5"
"Orapa","9.9","20.2","15.6"
"Jwaneng","8.5","16.7","12.8"
"Sowa","13.3","26.5","19.8"
"Southern","10.6","12.8","11.8"
"Barolong","8.9","25.7","20.3"
"Ngwaketse West","10.9","24.5","18.8"
"Southeast","19.0","14.6","16.6"
"Kweneng East","20.2","22.1","21.5"
"Kweneng West","7.0","16.1","11.8"
"Kgatleng","15.6","23.8","19.9"
"Central-Serowe","16.4","17.8","17.1"
"Central-Mahalapye","20.1","25.9","23.1"
"Central-Bobonong","15.3","22.0","19.3"
"Central-Boteti","15.5","25.5","20.3"
"Central-Tutume","14.1","21.5","18.2"
"Northeast","13.0","20.4","17.7"
"Ngamiland South","13.3","17.2","15.2"
"Ngamiland North","10.6","15.4","13.5"
"Chobe","16.5","18.9","17.7"
"Ghanzi","14.6","19.9","17.1"
"Kgalagadi South","7.1","15.0","11.1"
"Kgalagadi North","18.2","18.1","18.1"
"Total Population","15.6","20.8","18.5"
