"","85 and above","8133","41.2","11624","58.8","19757"
"","Total","989,071","48.8","1,035,833","51.2","2,024,904"
"Male sub-population dominates the 0 -14 age groups due,naturally to excess male births. Thereafter, almost all","","","","","",""
"the cohorts are dominated by females due to excess male deaths that are normally attributed to biological,","","","","","",""
"socio-cultural  and  socio-economic  factors.  The  only  exception  is  the  35-39  cohorts,  where  excess  female","","","","","",""
"deaths  could  be  due  to  maternal  deaths  and  HIV/AIDS  related  mortality  that  is  more  prevalent  among","","","","","",""
"women.","","","","","",""
"Only  5.1  percent  of  the  population  can  be  classified  as  being  elderly.  This  is  a  decline  from  5.5  percent","","","","","",""
"estimated in 1998, probably reflecting a slow or stagnating life expectancy as well as rapid growth at the","","","","","",""
"lower ages possibility persistent high mortality within this age group. This figure is below the 7 percent figure","","","","","",""
"for  Mauritius  but  slightly  above  those  for  the  Republic  of  South  Africa,  Zimbabwe  and  Lesotho  at  4.5,  4.2","","","","","",""
"and 4.2 percent respectively (http://www.sadc.int/about-sadc/overview/sadc-facts-figures).It is nonetheless","","","","","",""
"relatively high when compared to the rest of the African continent’s figure of about 3.6 percent.","","","","","",""
